city_name,state,abbreviation,population,latitude,longitude
Marysville,Washington,WA,63269,48.0517637,-122.1770818
Perris,California,CA,72326,33.7825194,-117.22864779999999
Cleveland,Ohio,OH,390113,41.499320000000004,-81.6943605
Worcester,Massachusetts,MA,182544,42.262593200000005,-71.8022934
Columbia,South Carolina,SC,133358,34.0007104,-81.0348144
Waterbury,Connecticut,CT,109676,41.558152500000006,-73.0514965
Eagan,Minnesota,MN,65453,44.804132200000005,-93.1668858
Southfield,Michigan,MI,73006,42.473368799999996,-83.2218731
Lafayette,Louisiana,LA,124276,30.2240897,-92.0198427
Boise City,Idaho,ID,214237,43.6187102,-116.2146068
Elkhart,Indiana,IN,51265,41.6819935,-85.9766671
Buena Park,California,CA,82882,33.867514299999996,-117.99811809999999
Marietta,Georgia,GA,59089,33.952602,-84.5499327
Parker,Colorado,CO,48608,39.5186002,-104.76136329999999
West Palm Beach,Florida,FL,102436,26.7153424,-80.0533746
Salem,Massachusetts,MA,42544,42.51954,-70.8967155
Aurora,Illinois,IL,199963,41.7605849,-88.3200715
Leesburg,Virginia,VA,47673,39.1156615,-77.5636015
Doral,Florida,FL,50213,25.8195424,-80.3553302
Westminster,California,CA,91739,33.7513419,-117.99399209999999
Lubbock,Texas,TX,239538,33.5778631,-101.85516650000001
Overland Park,Kansas,KS,181260,38.9822282,-94.6707917
Jackson,Mississippi,MS,172638,32.298757300000005,-90.1848103
Gastonia,North Carolina,NC,73209,35.262082,-81.1873005
Daytona Beach,Florida,FL,62316,29.2108147,-81.02283309999999
Kansas City,Missouri,MO,467007,39.0997265,-94.5785667
Rancho Palos Verdes,California,CA,42448,33.7444613,-118.3870173
Burnsville,Minnesota,MN,61434,44.7677424,-93.27772259999999
Rowlett,Texas,TX,58043,32.9029017,-96.56388000000001
Roswell,New Mexico,NM,48611,33.3942655,-104.52302420000001
Montgomery,Alabama,AL,201332,32.366805199999995,-86.2999689
Logan,Utah,UT,48913,41.7369803,-111.83383590000001
Woburn,Massachusetts,MA,39083,42.479261799999996,-71.1522765
Allentown,Pennsylvania,PA,118577,40.6084305,-75.4901833
Mount Pleasant,South Carolina,SC,74885,32.8323225,-79.82842579999999
Columbus,Georgia,GA,202824,32.4609764,-84.9877094
Buffalo,New York,NY,258959,42.8864468,-78.8783689
New Berlin,Wisconsin,WI,39834,42.9764027,-88.10842240000001
North Richland Hills,Texas,TX,67317,32.8342952,-97.22890290000001
Lima,Ohio,OH,38355,40.742551,-84.1052256
Sacramento,California,CA,479686,38.5815719,-121.49439960000001
Fort Smith,Arkansas,AR,87650,35.385924200000005,-94.39854749999999
East Providence,Rhode Island,RI,47149,41.813711600000005,-71.37005450000001
Urbandale,Iowa,IA,41776,41.6266555,-93.71216559999999
Mount Vernon,New York,NY,68224,40.9125992,-73.8370786
Lakewood,Colorado,CO,147214,39.7047095,-105.08137340000002
Henderson,Nevada,NV,270811,36.0395247,-114.9817213
Covina,California,CA,48508,34.0900091,-117.89033970000001
Stamford,Connecticut,CT,126456,41.0534302,-73.53873409999999
Bloomington,Indiana,IN,82575,39.165325,-86.5263857
Kingsport,Tennessee,TN,52962,36.548434,-82.5618186
Spokane,Washington,WA,210721,47.6587802,-117.4260466
Kennewick,Washington,WA,76762,46.2112458,-119.1372338
Philadelphia,Pennsylvania,PA,1553165,39.9525839,-75.1652215
Bellingham,Washington,WA,82631,48.74908,-122.4781473
Visalia,California,CA,127763,36.330228399999996,-119.2920585
La Crosse,Wisconsin,WI,51522,43.8013556,-91.2395807
Council Bluffs,Iowa,IA,61969,41.2619444,-95.8608333
North Lauderdale,Florida,FL,42757,26.217305,-80.2258811
Dallas,Texas,TX,1257676,32.7766642,-96.7969879
Antioch,California,CA,107100,38.0049214,-121.80578899999999
Sterling Heights,Michigan,MI,131224,42.5803122,-83.0302033
Deerfield Beach,Florida,FL,78041,26.318412300000002,-80.0997657
Fishers,Indiana,IN,83891,39.95675479999999,-86.01335
Cheyenne,Wyoming,WY,62448,41.1399814,-104.8202462
Murrieta,California,CA,107479,33.553914299999995,-117.21392320000001
Lenexa,Kansas,KS,50344,38.9536174,-94.7335709
Noblesville,Indiana,IN,56540,40.0455917,-86.0085955
Southaven,Mississippi,MS,50997,34.9889818,-90.0125913
Chino,California,CA,80988,34.0122346,-117.68894399999999
Gaithersburg,Maryland,MD,65690,39.143440600000005,-77.2013705
Fountain Valley,California,CA,56707,33.7091847,-117.95366969999999
Frederick,Maryland,MD,66893,39.414268799999995,-77.41054090000002
Greenville,North Carolina,NC,89130,35.612660999999996,-77.3663538
DeKalb,Illinois,IL,43849,41.9294736,-88.7503647
West Allis,Wisconsin,WI,60697,43.0166806,-88.0070315
Thornton,Colorado,CO,127359,39.8680412,-104.9719243
West Des Moines,Iowa,IA,61255,41.5772115,-93.711332
Fall River,Massachusetts,MA,88697,41.7014912,-71.1550451
Tulare,California,CA,61170,36.20772879999999,-119.3473379
Chula Vista,California,CA,256780,32.6400541,-117.0841955
Coral Springs,Florida,FL,126604,26.271192,-80.27060440000001
Concord,North Carolina,NC,83506,35.4087517,-80.579511
Smyrna,Georgia,GA,53438,33.883992600000006,-84.51437609999999
Apopka,Florida,FL,45587,28.6934076,-81.53221490000001
Grand Forks,North Dakota,ND,54932,47.9252568,-97.0328547
Lancaster,Ohio,OH,39325,39.71367539999999,-82.59932940000002
Naperville,Illinois,IL,144864,41.7508391,-88.15353520000001
Hollywood,Florida,FL,146526,26.0112014,-80.1494901
Rogers,Arkansas,AR,60112,36.3320196,-94.1185366
New Orleans,Louisiana,LA,378715,29.9510658,-90.0715323
Lakewood,Washington,WA,59097,47.1717649,-122.51845800000001
Oak Lawn,Illinois,IL,57073,41.719978000000005,-87.7479528
Caldwell,Idaho,ID,48957,43.662938399999994,-116.6873596
Portland,Oregon,OR,609456,45.523062200000005,-122.67648159999999
Concord,California,CA,125880,37.9779776,-122.0310733
Burien,Washington,WA,49858,47.4703767,-122.3467918
St. Charles,Missouri,MO,67569,38.7881062,-90.4974359
Waukesha,Wisconsin,WI,71016,43.0116784,-88.2314813
Flagstaff,Arizona,AZ,68667,35.1982836,-111.651302
Puyallup,Washington,WA,38609,47.1853785,-122.29289740000002
Schenectady,New York,NY,65902,42.8142432,-73.93956870000001
Denver,Colorado,CO,649495,39.739235799999996,-104.990251
Springfield,Illinois,IL,117006,39.7817213,-89.6501481
Campbell,California,CA,40584,37.2871651,-121.9499568
Moreno Valley,California,CA,201175,33.9424658,-117.2296717
Kettering,Ohio,OH,55870,39.6895036,-84.16882740000001
Lincoln Park,Michigan,MI,37313,42.250594299999996,-83.17853609999999
Lake Havasu City,Arizona,AZ,52844,34.483901,-114.32245479999999
North Little Rock,Arkansas,AR,66075,34.769535999999995,-92.2670941
Reno,Nevada,NV,233294,39.529632899999996,-119.8138027
Littleton,Colorado,CO,44275,39.613321,-105.0166498
Prescott,Arizona,AZ,40590,34.540024200000005,-112.46850249999999
Dublin,California,CA,52105,37.7021521,-121.9357918
Texarkana,Texas,TX,37442,33.425125,-94.0476882
Portland,Maine,ME,66318,43.661471,-70.2553259
Brooklyn Park,Minnesota,MN,78373,45.0941315,-93.3563405
West Haven,Connecticut,CT,55046,41.2705484,-72.94697109999998
El Centro,California,CA,43363,32.792,-115.56305139999999
The Colony,Texas,TX,39458,33.0806083,-96.8928309
Flint,Michigan,MI,99763,43.012527399999996,-83.6874562
Pittsburg,California,CA,66695,38.027976200000005,-121.88468059999998
Buckeye,Arizona,AZ,56683,33.370319699999996,-112.58377659999998
Brea,California,CA,40963,33.9166805,-117.9000604
Indio,California,CA,83539,33.7205771,-116.2155619
Scottsdale,Arizona,AZ,226918,33.494170399999994,-111.9260519
Columbus,Ohio,OH,822553,39.9611755,-82.9987942
Lancaster,Pennsylvania,PA,59325,40.0378755,-76.3055144
Lincoln,Nebraska,NE,268738,40.8257625,-96.6851982
Trenton,New Jersey,NJ,84349,40.2170534,-74.74293840000001
Boston,Massachusetts,MA,645966,42.360082500000004,-71.0588801
Glendora,California,CA,51074,34.136118700000004,-117.86533899999999
Rochester,Minnesota,MN,110742,44.0121221,-92.4801989
Florissant,Missouri,MO,52363,38.789217,-90.322614
Annapolis,Maryland,MD,38722,38.9784453,-76.4921829
Chapel Hill,North Carolina,NC,59635,35.913199600000006,-79.05584449999999
Lawrence,Indiana,IN,47135,39.8386516,-86.0252612
Calexico,California,CA,39389,32.6789476,-115.4988834
Calumet City,Illinois,IL,37240,41.6155909,-87.5294871
Missoula,Montana,MT,69122,46.8787176,-113.99658600000001
Clovis,California,CA,99769,36.8252277,-119.70291940000001
Pearland,Texas,TX,100065,29.5635666,-95.2860474
Gilbert,Arizona,AZ,229972,33.3528264,-111.789027
Wausau,Wisconsin,WI,39309,44.9591352,-89.6301221
Raleigh,North Carolina,NC,431746,35.7795897,-78.6381787
Orange,California,CA,139969,33.787794399999996,-117.8531119
Walnut Creek,California,CA,66900,37.9100783,-122.06518190000001
Bremerton,Washington,WA,39056,47.567320200000005,-122.6329356
Porterville,California,CA,55174,36.06523,-119.0167679
Marana,Arizona,AZ,38290,32.436381,-111.2224422
Tallahassee,Florida,FL,186411,30.4382559,-84.2807329
Conroe,Texas,TX,63032,30.311876899999998,-95.4560512
Blacksburg,Virginia,VA,43609,37.2295733,-80.4139393
San Antonio,Texas,TX,1409019,29.4241219,-98.4936282
Hartford,Connecticut,CT,125017,41.7637111,-72.6850932
Waterloo,Iowa,IA,68366,42.492785999999995,-92.3425775
Binghamton,New York,NY,46444,42.0986867,-75.9179738
Meridian,Idaho,ID,83596,43.61210870000001,-116.39151310000001
Fond du Lac,Wisconsin,WI,42970,43.7730448,-88.44705079999999
Baytown,Texas,TX,75418,29.735504700000003,-94.97742740000001
Cary,North Carolina,NC,151088,35.791540000000005,-78.78111690000001
Weymouth Town,Massachusetts,MA,55419,42.2180724,-70.94103559999999
Tulsa,Oklahoma,OK,398121,36.1539816,-95.992775
Mission,Texas,TX,81050,26.2159066,-98.3252932
Cuyahoga Falls,Ohio,OH,49267,41.133944899999996,-81.48455849999999
Malden,Massachusetts,MA,60509,42.4250964,-71.066163
Allen,Texas,TX,92020,33.1031744,-96.6705503
Tucson,Arizona,AZ,526116,32.2217429,-110.926479
Franklin,Tennessee,TN,68886,35.9250637,-86.86888990000001
Shakopee,Minnesota,MN,39167,44.79739620000001,-93.5272861
Jacksonville,Florida,FL,842583,30.3321838,-81.655651
Atlantic City,New Jersey,NJ,39551,39.3642834,-74.4229266
Erie,Pennsylvania,PA,100671,42.1292241,-80.085059
Merced,California,CA,81102,37.3021632,-120.48296770000002
Abilene,Texas,TX,120099,32.4487364,-99.7331439
Yorba Linda,California,CA,67032,33.888625899999994,-117.8131125
Greenville,South Carolina,SC,61397,34.8526176,-82.3940104
Huntersville,North Carolina,NC,50458,35.410694,-80.8428504
St. Clair Shores,Michigan,MI,60070,42.4974085,-82.8963604
Harrisburg,Pennsylvania,PA,49188,40.273191100000005,-76.88670079999999
San Buenaventura (Ventura),California,CA,108817,34.274646000000004,-119.22903159999998
Fremont,California,CA,224922,37.548269700000006,-121.98857190000001
Pueblo,Colorado,CO,108249,38.2544472,-104.60914090000001
Chelsea,Massachusetts,MA,37670,42.3917638,-71.03282840000001
Belleville,Illinois,IL,42895,38.520050399999995,-89.98399350000001
Minneapolis,Minnesota,MN,400070,44.977753,-93.2650108
Bartlett,Tennessee,TN,58226,35.204532799999996,-89.8739753
Wichita Falls,Texas,TX,104898,33.913708500000006,-98.49338730000001
Missouri City,Texas,TX,70185,29.6185669,-95.5377215
St. Louis,Missouri,MO,318416,38.6270025,-90.1994042
Pharr,Texas,TX,73790,26.1947962,-98.1836216
Albuquerque,New Mexico,NM,556495,35.0853336,-106.6055534
Athens-Clarke County,Georgia,GA,119980,33.9519347,-83.357567
South Jordan,Utah,UT,59366,40.5621704,-111.929658
North Las Vegas,Nevada,NV,226877,36.1988592,-115.1175013
Pomona,California,CA,151348,34.055103,-117.7499909
Eastvale,California,CA,55191,33.952463,-117.5848025
Grove City,Ohio,OH,37490,39.881451899999995,-83.09296440000001
Lawrence,Kansas,KS,90811,38.971668900000004,-95.23525009999999
Midland,Texas,TX,123933,31.9973456,-102.0779146
Oklahoma City,Oklahoma,OK,610613,35.4675602,-97.5164276
Oro Valley,Arizona,AZ,41627,32.3909071,-110.96648799999998
Mesa,Arizona,AZ,457587,33.4151843,-111.83147240000001
Norwalk,Connecticut,CT,87776,41.117744,-73.4081575
Kentwood,Michigan,MI,50233,42.8694731,-85.6447492
Brookfield,Wisconsin,WI,37999,43.0605671,-88.1064787
Rockwall,Texas,TX,40922,32.9312336,-96.45970890000001
Mishawaka,Indiana,IN,47989,41.6619927,-86.15861559999999
Tustin,California,CA,78327,33.7458511,-117.82616599999999
St. Cloud,Minnesota,MN,66297,45.5579451,-94.1632404
Passaic,New Jersey,NJ,70868,40.8567662,-74.12847640000001
Escondido,California,CA,148738,33.1192068,-117.086421
San Bruno,California,CA,42443,37.6304904,-122.41108349999999
Berkeley,California,CA,116768,37.87159260000001,-122.272747
San Clemente,California,CA,65040,33.4269728,-117.6119925
Lawton,Oklahoma,OK,97151,34.6035669,-98.3959291
Eau Claire,Wisconsin,WI,67545,44.811349,-91.4984941
Maricopa,Arizona,AZ,45508,33.058106300000006,-112.04764229999999
DeSoto,Texas,TX,51483,32.589699800000005,-96.8570738
Fort Wayne,Indiana,IN,256496,41.079273,-85.13935129999999
Shoreline,Washington,WA,54790,47.7556531,-122.3415178
Medford,Massachusetts,MA,57170,42.4184296,-71.10616390000001
La Habra,California,CA,61653,33.9319578,-117.94617340000002
Albany,New York,NY,98424,42.65257929999999,-73.7562317
Daly City,California,CA,104739,37.687924100000004,-122.47020790000002
Taylor,Michigan,MI,61817,42.240871999999996,-83.2696509
Lynchburg,Virginia,VA,78014,37.4137536,-79.1422464
Bowie,Maryland,MD,56759,39.0067768,-76.77913649999999
Danbury,Connecticut,CT,83684,41.394816999999996,-73.45401109999999
Charlottesville,Virginia,VA,44349,38.029305900000004,-78.4766781
Coral Gables,Florida,FL,49631,25.72149,-80.2683838
Coeur d'Alene,Idaho,ID,46402,47.677683200000004,-116.78046640000001
El Monte,California,CA,115708,34.0686206,-118.02756670000001
Crystal Lake,Illinois,IL,40388,42.2411344,-88.3161965
Danville,California,CA,43341,37.8215929,-121.9999606
Goodyear,Arizona,AZ,72864,33.4353394,-112.3576567
Paterson,New Jersey,NJ,145948,40.916765399999996,-74.171811
Salem,Oregon,OR,160614,44.9428975,-123.03509629999999
Kissimmee,Florida,FL,65173,28.291955699999995,-81.40757099999999
Saginaw,Michigan,MI,50303,43.419469899999996,-83.9508068
Brownsville,Texas,TX,181860,25.9017472,-97.4974838
Flower Mound,Texas,TX,68609,33.0145673,-97.0969552
Grapevine,Texas,TX,50195,32.9342919,-97.07806540000001
Edina,Minnesota,MN,49376,44.889686600000005,-93.3499489
Detroit,Michigan,MI,688701,42.331427000000005,-83.0457538
Fairfield,Ohio,OH,42635,39.345467299999996,-84.56031870000001
Mansfield,Texas,TX,60872,32.5631924,-97.1416768
Rochester,New York,NY,210358,43.16103,-77.61092190000001
Birmingham,Alabama,AL,212113,33.5206608,-86.80249
Austin,Texas,TX,885400,30.267153000000004,-97.7430608
Santa Barbara,California,CA,90412,34.4208305,-119.69819009999999
Addison,Illinois,IL,37385,41.931696,-87.9889556
Rio Rancho,New Mexico,NM,91956,35.2327544,-106.66304369999999
Normal,Illinois,IL,54664,40.514202600000004,-88.99063120000001
Romeoville,Illinois,IL,39650,41.6475306,-88.0895061
Coon Rapids,Minnesota,MN,62103,45.1732394,-93.30300629999999
San Mateo,California,CA,101128,37.562991700000005,-122.32552539999999
Orlando,Florida,FL,255483,28.5383355,-81.3792365
Casper,Wyoming,WY,59628,42.866632,-106.31308100000001
Bedford,Texas,TX,48592,32.844017,-97.1430671
Wilmington,North Carolina,NC,112067,34.2257255,-77.9447102
Pinellas Park,Florida,FL,49998,27.8428025,-82.6995443
North Miami Beach,Florida,FL,43250,25.9331488,-80.1625463
Kansas City,Kansas,KS,148483,39.114053000000006,-94.6274636
Fitchburg,Massachusetts,MA,40383,42.583422799999994,-71.8022955
Wheeling,Illinois,IL,38015,42.1391927,-87.92895909999999
Newton,Massachusetts,MA,87971,42.337041299999996,-71.2092214
North Miami,Florida,FL,61007,25.890094899999998,-80.18671379999999
Norwich,Connecticut,CT,40347,41.5242649,-72.07591049999999
Newark,New Jersey,NJ,278427,40.735657,-74.1723667
Alexandria,Louisiana,LA,48426,31.3112936,-92.4451371
Blaine,Minnesota,MN,60407,45.1607987,-93.2349489
Harlingen,Texas,TX,65665,26.190630600000002,-97.69610259999999
Lompoc,California,CA,43509,34.6391501,-120.4579409
Denton,Texas,TX,123099,33.2148412,-97.13306829999999
Galveston,Texas,TX,48733,29.3013479,-94.7976958
Greenwood,Indiana,IN,53665,39.6136578,-86.10665259999999
Salinas,California,CA,155662,36.6777372,-121.6555013
Miami Gardens,Florida,FL,111378,25.942037699999997,-80.2456045
Huntington,West Virginia,WV,49177,38.41924960000001,-82.445154
Laredo,Texas,TX,248142,27.530567100000003,-99.48032409999999
Melbourne,Florida,FL,77508,28.0836269,-80.6081089
Haltom City,Texas,TX,43580,32.799573800000005,-97.2691817
Palm Bay,Florida,FL,104898,28.034462100000006,-80.5886646
Wilson,North Carolina,NC,49628,35.7212689,-77.91553950000001
Bountiful,Utah,UT,43023,40.8893895,-111.880771
Ceres,California,CA,46714,37.5949316,-120.9577098
Parma,Ohio,OH,80429,41.404774200000006,-81.72290859999998
Rapid City,South Dakota,SD,70812,44.0805434,-103.2310149
Bell Gardens,California,CA,42889,33.965291799999996,-118.1514588
Commerce City,Colorado,CO,49799,39.8083196,-104.9338675
Springfield,Massachusetts,MA,153703,42.1014831,-72.589811
Fort Collins,Colorado,CO,152061,40.5852602,-105.084423
San Leandro,California,CA,87965,37.7249296,-122.1560768
Vista,California,CA,96929,33.2000368,-117.2425355
Yonkers,New York,NY,199766,40.9312099,-73.8987469
Cincinnati,Ohio,OH,297517,39.103118200000004,-84.5120196
Hagerstown,Maryland,MD,40612,39.641762899999996,-77.7199932
Sanford,Florida,FL,56002,28.802861199999995,-81.269453
Union City,New Jersey,NJ,68247,40.697589799999996,-74.2631635
Toledo,Ohio,OH,282313,41.6639383,-83.555212
Sierra Vista,Arizona,AZ,45129,31.545500099999998,-110.27728559999998
Newport News,Virginia,VA,182020,37.087082099999996,-76.4730122
Hammond,Indiana,IN,78967,41.583368799999995,-87.5000412
Buffalo Grove,Illinois,IL,41778,42.1662831,-87.9631308
Sugar Land,Texas,TX,83860,29.6196787,-95.6349463
Huntsville,Alabama,AL,186254,34.730368799999994,-86.5861037
Lodi,California,CA,63338,38.1341477,-121.27221940000001
Edmonds,Washington,WA,40727,47.8106521,-122.37735520000001
Duncanville,Texas,TX,39605,32.6518004,-96.9083366
Rocky Mount,North Carolina,NC,56954,35.938210299999994,-77.7905339
Pontiac,Michigan,MI,59887,42.6389216,-83.2910468
National City,California,CA,59834,32.6781085,-117.0991967
Hayward,California,CA,151574,37.6688205,-122.08079640000001
Niagara Falls,New York,NY,49468,43.0962143,-79.03773879999999
Sparks,Nevada,NV,93282,39.5349112,-119.7526886
Hanford,California,CA,54686,36.3274502,-119.64568440000001
Cypress,California,CA,49087,33.8169599,-118.0372852
Youngstown,Ohio,OH,65184,41.0997803,-80.6495194
Madison,Alabama,AL,45799,34.6992579,-86.7483318
Redlands,California,CA,69999,34.055569299999995,-117.1825381
Cape Girardeau,Missouri,MO,38816,37.3058839,-89.51814759999999
Nampa,Idaho,ID,86518,43.5407172,-116.5634624
Washington,District of Columbia,DC,646449,38.9071923,-77.03687070000001
Wheaton,Illinois,IL,53648,41.8661403,-88.1070127
Lancaster,Texas,TX,38071,32.5920798,-96.7561082
Rialto,California,CA,101910,34.1064001,-117.37032350000001
Fargo,North Dakota,ND,113658,46.8771863,-96.78980340000001
Peoria,Illinois,IL,116513,40.6936488,-89.58898640000001
Omaha,Nebraska,NE,434353,41.25236339999999,-95.99798829999999
Rancho Santa Margarita,California,CA,49228,33.640855,-117.603104
Manhattan,Kansas,KS,56143,39.1836082,-96.5716694
Palm Springs,California,CA,46281,33.8302961,-116.54529209999998
San Diego,California,CA,1355896,32.715738,-117.1610838
Santa Rosa,California,CA,171990,38.440428999999995,-122.7140548
Lowell,Massachusetts,MA,108861,42.633424700000006,-71.3161718
Broken Arrow,Oklahoma,OK,103500,36.060949,-95.7974526
Kent,Washington,WA,124435,47.380933500000005,-122.23484309999999
Nashville,Tennessee,TN,634464,36.1626638,-86.78160159999999
Hackensack,New Jersey,NJ,44113,40.8859325,-74.0434736
Broomfield,Colorado,CO,59471,39.9205411,-105.0866504
Durham,North Carolina,NC,245475,35.99403289999999,-78.898619
Wichita,Kansas,KS,386552,37.688889,-97.336111
Cathedral City,California,CA,52977,33.780538799999995,-116.46680359999999
Lakeville,Minnesota,MN,58562,44.6496868,-93.24271999999999
Elmhurst,Illinois,IL,45556,41.8994744,-87.9403418
Weslaco,Texas,TX,37093,26.159519399999997,-97.9908366
Greenfield,Wisconsin,WI,37159,42.9614039,-88.0125865
Sunnyvale,California,CA,147559,37.368829999999996,-122.03634960000001
Santa Cruz,California,CA,62864,36.9741171,-122.0307963
Kenosha,Wisconsin,WI,99889,42.5847425,-87.8211854
State College,Pennsylvania,PA,41757,40.793394899999996,-77.8600012
Mansfield,Ohio,OH,46454,40.758390000000006,-82.51544709999999
Quincy,Illinois,IL,40915,39.9356016,-91.40987259999999
Pompano Beach,Florida,FL,104410,26.2378597,-80.1247667
San Angelo,Texas,TX,97492,31.4637723,-100.4370375
Bloomington,Illinois,IL,78902,40.4842027,-88.9936873
Tracy,California,CA,84691,37.7396513,-121.42522269999999
Spartanburg,South Carolina,SC,37647,34.949567200000004,-81.93204820000001
Nashua,New Hampshire,NH,87137,42.7653662,-71.467566
Macon,Georgia,GA,89981,32.8406946,-83.6324022
Hempstead,New York,NY,55361,40.706212799999996,-73.6187397
Camden,New Jersey,NJ,76903,39.9259463,-75.1196199
Palm Desert,California,CA,50508,33.7222445,-116.37445559999999
Streamwood,Illinois,IL,40351,42.02558270000001,-88.1784085
Chesapeake,Virginia,VA,230571,36.7682088,-76.2874927
Dublin,Ohio,OH,43607,40.0992294,-83.11407709999999
Camarillo,California,CA,66086,34.216393700000005,-119.0376023
Muskegon,Michigan,MI,37213,43.234181299999996,-86.2483921
Elizabeth,New Jersey,NJ,127558,40.6639916,-74.2107006
Anchorage,Alaska,AK,300950,61.2180556,-149.90027780000003
Minot,North Dakota,ND,46321,48.23296679999999,-101.2922906
Davie,Florida,FL,96830,26.076478299999998,-80.2521157
McAllen,Texas,TX,136639,26.203407100000003,-98.2300124
McKinney,Texas,TX,148559,33.197246500000006,-96.6397822
Killeen,Texas,TX,137147,31.117119399999996,-97.7277959
Findlay,Ohio,OH,41512,41.04422,-83.6499321
Oakland,California,CA,406253,37.8043637,-122.27111370000002
Mountain View,California,CA,77846,37.3860517,-122.08385109999999
Lake Elsinore,California,CA,57525,33.668077200000006,-117.3272615
Amarillo,Texas,TX,196429,35.2219971,-101.8312969
Provo,Utah,UT,116288,40.233843799999995,-111.6585337
Atlanta,Georgia,GA,447841,33.7489954,-84.3879824
Monterey Park,California,CA,61085,34.0625106,-118.1228476
Strongsville,Ohio,OH,44730,41.3144966,-81.83569
Madera,California,CA,63105,36.961335600000005,-120.0607176
Decatur,Illinois,IL,74710,39.84031470000001,-88.9548001
Woonsocket,Rhode Island,RI,41026,42.0028761,-71.5147839
Mobile,Alabama,AL,194899,30.6953657,-88.0398912
Vallejo,California,CA,118837,38.1040864,-122.25663670000002
Arcadia,California,CA,57639,34.139729200000005,-118.0353449
Collierville,Tennessee,TN,47333,35.042035999999996,-89.66452659999999
Jefferson City,Missouri,MO,43330,38.57670170000001,-92.17351640000001
Longview,Texas,TX,81443,32.5007037,-94.74048909999999
Chandler,Arizona,AZ,249146,33.3061605,-111.8412502
Arvada,Colorado,CO,111707,39.802764399999994,-105.08748419999999
Alhambra,California,CA,84577,34.095287,-118.1270146
Kokomo,Indiana,IN,56895,40.486427,-86.13360329999999
Oakland Park,Florida,FL,43286,26.1723065,-80.13198929999999
Indianapolis,Indiana,IN,843393,39.768403,-86.158068
Boynton Beach,Florida,FL,71097,26.531786600000004,-80.0905465
Apache Junction,Arizona,AZ,37130,33.4150485,-111.5495777
Mount Prospect,Illinois,IL,54771,42.066416700000005,-87.9372908
Cranston,Rhode Island,RI,80566,41.7798226,-71.4372796
Lafayette,Indiana,IN,70373,40.4167022,-86.8752869
Olathe,Kansas,KS,131885,38.8813958,-94.8191285
Johns Creek,Georgia,GA,82788,34.0289259,-84.19857900000001
Greensboro,North Carolina,NC,279639,36.072635399999996,-79.79197540000001
Kalamazoo,Michigan,MI,75548,42.291706899999994,-85.5872286
Tigard,Oregon,OR,50444,45.4312294,-122.7714861
Jacksonville,North Carolina,NC,69079,34.7540524,-77.43024140000001
Citrus Heights,California,CA,85285,38.7071247,-121.2810611
Tuscaloosa,Alabama,AL,95334,33.2098407,-87.5691735
Ankeny,Iowa,IA,51567,41.7317884,-93.6001278
Hawthorne,California,CA,86199,33.9164032,-118.35257479999999
Hoover,Alabama,AL,84126,33.405386699999994,-86.8113781
Delray Beach,Florida,FL,64072,26.4614625,-80.07282009999999
Wellington,Florida,FL,60202,26.6617635,-80.2683571
Bullhead City,Arizona,AZ,39383,35.1359386,-114.5285981
Weston,Florida,FL,68388,26.100365399999998,-80.3997748
Troy,Michigan,MI,82821,42.6064095,-83.1497751
New Rochelle,New York,NY,79446,40.9114882,-73.78235490000002
Stockton,California,CA,298118,37.9577016,-121.29077959999998
Royal Oak,Michigan,MI,58946,42.4894801,-83.1446485
Titusville,Florida,FL,44206,28.612218699999996,-80.8075537
Laguna Niguel,California,CA,64652,33.5225261,-117.70755259999999
Spokane Valley,Washington,WA,91113,47.6732281,-117.2393748
Costa Mesa,California,CA,112174,33.6411316,-117.9186689
Grand Prairie,Texas,TX,183372,32.7459645,-96.99778459999999
Portsmouth,Virginia,VA,96205,36.835425799999996,-76.29827420000001
Lacey,Washington,WA,44919,47.034262899999995,-122.82319150000001
Apex,North Carolina,NC,42214,35.732652,-78.85028559999999
Sioux City,Iowa,IA,82459,42.4999942,-96.4003069
Encinitas,California,CA,61588,33.0369867,-117.2919818
Spanish Fork,Utah,UT,36956,40.114955,-111.654923
Huntington Park,California,CA,58879,33.981681200000004,-118.22507250000001
Eden Prairie,Minnesota,MN,62603,44.8546856,-93.470786
Peoria,Arizona,AZ,162592,33.5805955,-112.23737790000001
Tempe,Arizona,AZ,168228,33.4255104,-111.9400054
Wilmington,Delaware,DE,71525,39.7390721,-75.5397878
Taylorsville,Utah,UT,60519,40.667724799999995,-111.93882579999999
Westland,Michigan,MI,82578,42.324203999999995,-83.400211
Mesquite,Texas,TX,143484,32.7667955,-96.5991593
Burlington,North Carolina,NC,51510,36.0956918,-79.43779909999999
Garland,Texas,TX,234566,32.912624,-96.6388833
Richmond,California,CA,107571,37.9357576,-122.3477486
Bismarck,North Dakota,ND,67034,46.808326799999996,-100.7837392
Carson City,Nevada,NV,54080,39.1637984,-119.76740339999999
Muskogee,Oklahoma,OK,38863,35.747876899999994,-95.36969090000001
Augusta-Richmond County,Georgia,GA,197350,33.4734978,-82.0105148
Fayetteville,North Carolina,NC,204408,35.0526641,-78.87835849999999
Albany,Georgia,GA,76185,31.578507399999996,-84.155741
Sayreville,New Jersey,NJ,44412,40.4594021,-74.360846
Newark,California,CA,44096,37.5296593,-122.0402399
Diamond Bar,California,CA,56449,34.028622600000006,-117.81033670000001
Decatur,Alabama,AL,55816,34.605925299999996,-86.9833417
Chattanooga,Tennessee,TN,173366,35.0456297,-85.3096801
Jeffersonville,Indiana,IN,45929,38.27757020000001,-85.7371847
Bartlett,Illinois,IL,41679,41.9950276,-88.1856301
Baldwin Park,California,CA,76635,34.0852868,-117.96089779999998
Miami Beach,Florida,FL,91026,25.790654,-80.1300455
Jackson,Tennessee,TN,67685,35.6145169,-88.8139469
Port Arthur,Texas,TX,54135,29.884950399999997,-93.939947
San Luis Obispo,California,CA,46377,35.2827524,-120.6596156
Burleson,Texas,TX,40714,32.5420821,-97.32084920000001
Newport Beach,California,CA,87273,33.6189101,-117.9289469
Riverton,Utah,UT,40921,40.521893,-111.9391023
Yakima,Washington,WA,93257,46.6020711,-120.5058987
Dayton,Ohio,OH,143355,39.758947799999994,-84.1916069
Gulfport,Mississippi,MS,71012,30.367419800000004,-89.0928155
Long Beach,California,CA,469428,33.770050399999995,-118.1937395
Chico,California,CA,88077,39.728494399999995,-121.8374777
Hattiesburg,Mississippi,MS,47556,31.327118900000002,-89.2903392
Eugene,Oregon,OR,159190,44.0520691,-123.08675359999998
Colton,California,CA,53243,34.0739016,-117.3136547
Montebello,California,CA,63495,34.0165053,-118.11375349999999
Pleasanton,California,CA,74110,37.6624312,-121.8746789
Everett,Washington,WA,105370,47.9789848,-122.2020794
Hutchinson,Kansas,KS,41889,38.0608445,-97.9297743
Fairfield,California,CA,109320,38.2493581,-122.03996629999999
Avondale,Arizona,AZ,78822,33.4355977,-112.3496021
Euclid,Ohio,OH,48139,41.5931049,-81.5267873
Battle Creek,Michigan,MI,51848,42.32115220000001,-85.17971419999999
Bloomington,Minnesota,MN,86319,44.840798,-93.29827990000001
Rock Island,Illinois,IL,38877,41.5094771,-90.57874759999999
Beaverton,Oregon,OR,93542,45.487062,-122.8037102
Kenner,Louisiana,LA,66975,29.9940924,-90.2417434
Clovis,New Mexico,NM,39508,34.4047987,-103.2052272
Troy,New York,NY,49974,42.7284117,-73.69178509999999
Milpitas,California,CA,69783,37.4323341,-121.8995741
Des Plaines,Illinois,IL,58918,42.03336229999999,-87.88339909999999
Placentia,California,CA,52206,33.87223710000001,-117.87033629999999
Taunton,Massachusetts,MA,56069,41.900101,-71.08976740000001
Montclair,California,CA,38027,34.0775104,-117.68977759999999
Johnson City,Tennessee,TN,65123,36.3134397,-82.35347270000001
Savannah,Georgia,GA,142772,32.0835407,-81.0998342
Warren,Ohio,OH,40768,41.237556899999994,-80.81841659999999
Vancouver,Washington,WA,167405,45.6387281,-122.6614861
Sunrise,Florida,FL,90116,26.1669711,-80.25659499999999
Muncie,Indiana,IN,70316,40.1933767,-85.3863599
Lehi,Utah,UT,54382,40.3916172,-111.8507662
San Francisco,California,CA,837442,37.7749295,-122.4194155
Fontana,California,CA,203003,34.0922335,-117.435048
Frisco,Texas,TX,136791,33.1506744,-96.82361159999999
Chino Hills,California,CA,76572,33.989818799999995,-117.7325848
Poway,California,CA,49417,32.9628232,-117.0358646
Huber Heights,Ohio,OH,38142,39.843947,-84.1246608
New Brunswick,New Jersey,NJ,55831,40.4862157,-74.4518188
Norfolk,Virginia,VA,246139,36.8507689,-76.28587259999999
Hillsboro,Oregon,OR,97368,45.5228939,-122.989827
San Jacinto,California,CA,45851,33.783908399999994,-116.95863500000002
Pensacola,Florida,FL,52703,30.421309,-87.2169149
Hamilton,Ohio,OH,62258,39.3995008,-84.5613355
Florence,South Carolina,SC,37792,34.1954331,-79.7625625
San Bernardino,California,CA,213708,34.1083449,-117.2897652
Peachtree Corners,Georgia,GA,40059,33.9698929,-84.2214551
Victorville,California,CA,121096,34.5362184,-117.29276409999999
Gary,Indiana,IN,78450,41.5933696,-87.3464271
Casa Grande,Arizona,AZ,50111,32.8795022,-111.75735209999999
Morgan Hill,California,CA,40836,37.130501200000005,-121.65439009999999
Dubuque,Iowa,IA,58253,42.5005583,-90.6645718
Syracuse,New York,NY,144669,43.0481221,-76.1474244
Clarksville,Tennessee,TN,142357,36.5297706,-87.3594528
Lakeland,Florida,FL,100710,28.039465399999997,-81.9498042
Valley Stream,New York,NY,37659,40.664269899999994,-73.7084645
Dover,Delaware,DE,37366,39.158167999999996,-75.5243682
Moorhead,Minnesota,MN,39398,46.8737648,-96.7678039
Culver City,California,CA,39428,34.021122399999996,-118.3964665
Palatine,Illinois,IL,69350,42.1103041,-88.03424
Seattle,Washington,WA,652405,47.6062095,-122.33207079999998
Covington,Kentucky,KY,40956,39.083671200000005,-84.5085536
Elk Grove,California,CA,161007,38.4087993,-121.37161780000001
Shreveport,Louisiana,LA,200327,32.5251516,-93.75017890000001
Ogden,Utah,UT,84249,41.223,-111.9738304
Harrisonburg,Virginia,VA,51395,38.449568799999994,-78.8689155
Inglewood,California,CA,111542,33.9616801,-118.3531311
Pasadena,California,CA,139731,34.1477849,-118.1445155
Lawrence,Massachusetts,MA,77657,42.7070354,-71.1631137
Lake Oswego,Oregon,OR,37610,45.4206749,-122.67064979999999
Petaluma,California,CA,59440,38.232417,-122.6366524
Springfield,Ohio,OH,59357,39.9242266,-83.8088171
Napa,California,CA,79068,38.2975381,-122.28686499999999
Aurora,Colorado,CO,345803,39.729431899999994,-104.8319195
Duluth,Minnesota,MN,86128,46.7866719,-92.10048520000001
Roanoke,Virginia,VA,98465,37.270970399999996,-79.9414266
Bend,Oregon,OR,81236,44.058172799999994,-121.31530959999999
Apple Valley,California,CA,70924,34.5008311,-117.18587590000001
Waltham,Massachusetts,MA,62227,42.376485200000005,-71.2356113
Fort Myers,Florida,FL,68190,26.640628000000003,-81.87230840000001
Tampa,Florida,FL,352957,27.950575,-82.4571776
Upland,California,CA,75413,34.09751,-117.64838759999999
Danville,Virginia,VA,42907,36.585971799999996,-79.3950228
Beloit,Wisconsin,WI,36888,42.5083482,-89.0317765
Plantation,Florida,FL,90268,26.1275862,-80.23310359999999
Colorado Springs,Colorado,CO,439886,38.8338816,-104.82136340000001
Modesto,California,CA,204933,37.6390972,-120.99687820000001
Grand Rapids,Michigan,MI,192294,42.9633599,-85.6680863
Oak Park,Illinois,IL,52066,41.885031700000006,-87.7845025
Sarasota,Florida,FL,53326,27.3364347,-82.5306527
Jurupa Valley,California,CA,98030,33.9971974,-117.48548020000001
Bellflower,California,CA,77593,33.881681799999996,-118.1170117
Boulder,Colorado,CO,103166,40.0149856,-105.2705456
Santa Fe,New Mexico,NM,69976,35.686975200000006,-105.937799
Coachella,California,CA,43092,33.6803003,-116.17389399999999
Marlborough,Massachusetts,MA,39414,42.3459271,-71.55228740000001
Riverside,California,CA,316619,33.9533487,-117.3961564
Palmdale,California,CA,157161,34.5794343,-118.11646129999998
Novato,California,CA,54194,38.107419799999995,-122.5697032
Layton,Utah,UT,70790,41.0602216,-111.9710529
Bolingbrook,Illinois,IL,73936,41.6986416,-88.0683955
Mission Viejo,California,CA,96346,33.6000232,-117.67199529999999
Glenview,Illinois,IL,45417,42.069750899999995,-87.7878408
Lincoln,California,CA,45237,38.891565,-121.29300790000002
Folsom,California,CA,73098,38.6779591,-121.17605829999998
Prescott Valley,Arizona,AZ,39791,34.6100243,-112.315721
Las Cruces,New Mexico,NM,101324,32.3199396,-106.7636538
Bozeman,Montana,MT,39860,45.676997899999996,-111.04293390000001
Schaumburg,Illinois,IL,74907,42.0333607,-88.0834059
Warren,Michigan,MI,134873,42.5144566,-83.01465259999999
St. Peters,Missouri,MO,54842,38.7874699,-90.6298922
Ames,Iowa,IA,61792,42.034721999999995,-93.62
Surprise,Arizona,AZ,123546,33.62923370000001,-112.36792790000001
Richardson,Texas,TX,104475,32.948333500000004,-96.72985190000001
Midland,Michigan,MI,42181,43.6155825,-84.24721159999999
San Marcos,Texas,TX,54076,29.8832749,-97.9413941
Wilkes-Barre,Pennsylvania,PA,41108,41.245914899999995,-75.88130749999999
Appleton,Wisconsin,WI,73596,44.2619309,-88.4153847
Shawnee,Kansas,KS,64323,39.0228485,-94.7151865
Mentor,Ohio,OH,46979,41.666157299999995,-81.339552
Livermore,California,CA,85156,37.6818745,-121.7680088
Charlotte,North Carolina,NC,792862,35.2270869,-80.8431267
Owensboro,Kentucky,KY,58416,37.771907399999996,-87.1111676
Jupiter,Florida,FL,58298,26.934224600000004,-80.09420870000001
Rohnert Park,California,CA,41398,38.3396367,-122.70109840000002
Chicago,Illinois,IL,2718782,41.8781136,-87.62979820000001
Billings,Montana,MT,109059,45.783285600000006,-108.50069040000001
Wauwatosa,Wisconsin,WI,47134,43.049457200000006,-88.0075875
Lombard,Illinois,IL,43907,41.8800296,-88.0078435
New Haven,Connecticut,CT,130660,41.308274,-72.9278835
York,Pennsylvania,PA,43935,39.9625984,-76.727745
Knoxville,Tennessee,TN,183270,35.96063839999999,-83.9207392
Elyria,Ohio,OH,53956,41.36837979999999,-82.10764859999999
Barnstable Town,Massachusetts,MA,44641,41.7003208,-70.3002024
Murray,Utah,UT,48612,40.6668916,-111.8879909
Alameda,California,CA,76419,37.7652065,-122.2416355
Manteca,California,CA,71948,37.797427299999995,-121.21605259999998
Maplewood,Minnesota,MN,39765,44.953021500000006,-92.9952153
Medford,Oregon,OR,77677,42.3265152,-122.8755949
Murfreesboro,Tennessee,TN,117044,35.8456213,-86.39027
Yuba City,California,CA,65416,39.1404477,-121.6169108
Shelton,Connecticut,CT,40999,41.3164856,-73.0931641
Cedar Falls,Iowa,IA,40566,42.5348993,-92.4453161
Germantown,Tennessee,TN,39375,35.08675770000001,-89.8100858
Scranton,Pennsylvania,PA,75806,41.408969,-75.66241219999999
Auburn,Alabama,AL,58582,32.6098566,-85.48078249999999
Manassas,Virginia,VA,41705,38.750948799999996,-77.4752667
Vacaville,California,CA,94275,38.3565773,-121.98774440000001
Santa Monica,California,CA,92472,34.01945429999999,-118.4911912
Suffolk,Virginia,VA,85728,36.7282054,-76.5835621
Rochester Hills,Michigan,MI,72952,42.6583661,-83.14993220000001
La Quinta,California,CA,39331,33.663357299999994,-116.31000949999999
Charleston,West Virginia,WV,50821,38.3498195,-81.6326234
Delano,California,CA,52403,35.7688425,-119.24705359999999
St. Cloud,Florida,FL,40918,28.2489016,-81.2811801
Charleston,South Carolina,SC,127999,32.776474900000004,-79.9310512
Kannapolis,North Carolina,NC,44359,35.487361299999996,-80.62173409999998
Corona,California,CA,159503,33.8752935,-117.56643840000001
Rocklin,California,CA,59738,38.7907339,-121.2357828
Lee's Summit,Missouri,MO,93184,38.9108408,-94.3821724
Palm Coast,Florida,FL,78740,29.584452399999996,-81.2078699
Sandy,Utah,UT,90231,40.564978100000005,-111.8389726
Bentonville,Arkansas,AR,40167,36.372853799999994,-94.2088172
Santa Clarita,California,CA,179590,34.3916641,-118.54258600000001
Altamonte Springs,Florida,FL,42150,28.6611089,-81.36562420000001
New Braunfels,Texas,TX,63279,29.7030024,-98.1244531
Memphis,Tennessee,TN,653450,35.1495343,-90.0489801
Irving,Texas,TX,228653,32.814017699999994,-96.9488945
Alexandria,Virginia,VA,148892,38.804835499999996,-77.0469214
Hesperia,California,CA,92147,34.4263886,-117.3008784
Holyoke,Massachusetts,MA,40249,42.2042586,-72.61620090000001
Dunwoody,Georgia,GA,47591,33.9462125,-84.3346473
Skokie,Illinois,IL,65176,42.0324025,-87.7416246
Kearny,New Jersey,NJ,41664,40.7684342,-74.1454214
Bethlehem,Pennsylvania,PA,75018,40.6259316,-75.3704579
St. Joseph,Missouri,MO,77147,39.767457799999995,-94.846681
Redondo Beach,California,CA,67815,33.8491816,-118.3884078
Houston,Texas,TX,2195914,29.7604267,-95.36980279999999
Temecula,California,CA,106780,33.4936391,-117.14836480000001
Ann Arbor,Michigan,MI,117025,42.2808256,-83.7430378
Beaumont,Texas,TX,117796,30.080174,-94.12655620000001
East Lansing,Michigan,MI,48554,42.7369792,-84.48386540000001
Santee,California,CA,56105,32.8383828,-116.97391670000002
Tamarac,Florida,FL,63155,26.2128609,-80.2497707
Bellevue,Nebraska,NE,53663,41.154362299999995,-95.9145568
Pembroke Pines,Florida,FL,162329,26.007765,-80.2962555
Springdale,Arkansas,AR,75229,36.18674420000001,-94.1288141
Oxnard,California,CA,203007,34.1975048,-119.17705159999998
Odessa,Texas,TX,110720,31.8456816,-102.3676431
Stillwater,Oklahoma,OK,47186,36.1156071,-97.0583681
Brockton,Massachusetts,MA,94089,42.083433500000005,-71.0183787
Bayonne,New Jersey,NJ,65028,40.6687141,-74.11430909999999
Paramount,California,CA,54980,33.8894598,-118.15979109999998
Moline,Illinois,IL,43116,41.5067003,-90.5151342
Meridian,Mississippi,MS,40921,32.3643098,-88.70365600000001
Cleveland,Tennessee,TN,42774,35.1595182,-84.8766115
Jersey City,New Jersey,NJ,257342,40.7281575,-74.0776417
St. Paul,Minnesota,MN,294873,44.953702899999996,-93.0899578
Deltona,Florida,FL,86290,28.9005446,-81.2636738
Freeport,New York,NY,43167,40.65760220000001,-73.58318349999999
Iowa City,Iowa,IA,71591,41.6611277,-91.5301683
Anaheim,California,CA,345012,33.8352932,-117.91450359999999
Apple Valley,Minnesota,MN,50201,44.7319094,-93.21772
Great Falls,Montana,MT,59351,47.4941836,-111.2833449
West Valley City,Utah,UT,133579,40.691613200000006,-112.00105009999999
Hampton,Virginia,VA,136699,37.0298687,-76.3452218
Georgetown,Texas,TX,54898,30.633261800000003,-97.67798420000001
Orem,Utah,UT,91648,40.2968979,-111.69464750000002
Monrovia,California,CA,37101,34.14426160000001,-118.0019482
Keller,Texas,TX,42907,32.9341893,-97.229298
Goose Creek,South Carolina,SC,39823,32.9810059,-80.03258670000001
Little Rock,Arkansas,AR,197357,34.7464809,-92.2895948
Santa Ana,California,CA,334227,33.7455731,-117.8678338
White Plains,New York,NY,57866,41.0339862,-73.76290970000001
Idaho Falls,Idaho,ID,58292,43.491651399999995,-112.0339645
Bellevue,Washington,WA,133992,47.610377,-122.20067859999999
Roseville,California,CA,127035,38.752123499999996,-121.28800590000002
Perth Amboy,New Jersey,NJ,51982,40.5067723,-74.2654234
Peabody,Massachusetts,MA,52044,42.5278731,-70.92866090000001
Grand Island,Nebraska,NE,50550,40.92639570000001,-98.34201180000001
Columbia,Missouri,MO,115276,38.95170529999999,-92.33407240000001
Racine,Wisconsin,WI,78199,42.7261309,-87.78285229999999
Carmel,Indiana,IN,85927,39.978371,-86.1180435
Portage,Michigan,MI,47523,42.20115379999999,-85.5800022
Middletown,Ohio,OH,48630,39.5150576,-84.39827629999999
Woodland,California,CA,56590,38.6785157,-121.7732971
Revere,Massachusetts,MA,53756,42.408430200000005,-71.0119948
Euless,Texas,TX,53224,32.8370727,-97.08195409999999
Arlington Heights,Illinois,IL,75994,42.0883603,-87.9806265
Hemet,California,CA,81750,33.7475203,-116.97196840000001
High Point,North Carolina,NC,107741,35.955692299999995,-80.0053176
Newark,Ohio,OH,47777,40.0581205,-82.4012642
Midwest City,Oklahoma,OK,56756,35.4495065,-97.39670190000001
San Marcos,California,CA,89387,33.1433723,-117.1661449
Port Orange,Florida,FL,57203,29.1383165,-80.9956105
Lakewood,California,CA,81121,33.853626899999995,-118.13395630000001
Westerville,Ohio,OH,37530,40.126174299999995,-82.9290696
Rockford,Illinois,IL,150251,42.2711311,-89.09399520000001
El Cajon,California,CA,102211,32.7947731,-116.96252690000001
St. Petersburg,Florida,FL,249688,27.773056,-82.64
Downers Grove,Illinois,IL,49670,41.8089191,-88.01117459999999
Milford,Connecticut,CT,51644,41.2306979,-73.064036
Albany,Oregon,OR,51583,44.6365107,-123.10592820000001
Las Vegas,Nevada,NV,603488,36.169941200000004,-115.13982959999998
Pasadena,Texas,TX,152735,29.6910625,-95.2091006
Port St. Lucie,Florida,FL,171016,27.273049199999996,-80.3582261
Cedar Rapids,Iowa,IA,128429,41.9778795,-91.66562320000001
Ormond Beach,Florida,FL,38661,29.285812899999996,-81.05588940000001
Quincy,Massachusetts,MA,93494,42.25287720000001,-71.0022705
Miramar,Florida,FL,130288,25.9860762,-80.3035602
El Paso,Texas,TX,674433,31.7775757,-106.44245590000001
Topeka,Kansas,KS,127679,39.055823499999995,-95.6890185
Rosemead,California,CA,54561,34.0805651,-118.072846
Keizer,Oregon,OR,37064,44.9901194,-123.0262077
Minnetonka,Minnesota,MN,51368,44.9211836,-93.46874890000001
Akron,Ohio,OH,198100,41.081444700000006,-81.51900529999999
Edinburg,Texas,TX,80836,26.3017374,-98.1633432
Rancho Cucamonga,California,CA,171386,34.1063989,-117.5931084
North Charleston,South Carolina,SC,104054,32.8546197,-79.9748103
Louisville,Kentucky,KY,609893,38.252664700000004,-85.7584557
Watsonville,California,CA,52477,36.910231,-121.7568946
Coconut Creek,Florida,FL,56792,26.2517482,-80.17893509999999
Bradenton,Florida,FL,51763,27.4989278,-82.5748194
Carlsbad,California,CA,110972,33.158093300000004,-117.3505939
Texas City,Texas,TX,46081,29.383845,-94.9027002
Redding,California,CA,91119,40.5865396,-122.3916754
Wyoming,Michigan,MI,74100,42.9133602,-85.7053085
Lorain,Ohio,OH,63710,41.452819,-82.18237459999999
Roy,Utah,UT,37733,41.1616108,-112.02633130000001
Fort Lauderdale,Florida,FL,172389,26.122438600000002,-80.13731740000001
Warner Robins,Georgia,GA,72531,32.6130007,-83.624201
Clearwater,Florida,FL,109703,27.9658533,-82.8001026
Cutler Bay,Florida,FL,43328,25.5808323,-80.3468593
Florence,Alabama,AL,40059,34.79981,-87.677251
Terre Haute,Indiana,IN,61025,39.4667034,-87.4139092
Temple,Texas,TX,70190,31.0982344,-97.342782
Beavercreek,Ohio,OH,45712,39.7092262,-84.0632685
Sioux Falls,South Dakota,SD,164676,43.5445959,-96.73110340000001
Columbus,Indiana,IN,45775,39.201440399999996,-85.9213796
Margate,Florida,FL,55456,26.244526300000004,-80.206436
Leominster,Massachusetts,MA,41002,42.5250906,-71.759794
Warwick,Rhode Island,RI,81971,41.700100899999995,-71.4161671
Bakersfield,California,CA,363630,35.3732921,-119.0187125
Miami,Florida,FL,417650,25.7616798,-80.1917902
Lake Charles,Louisiana,LA,74024,30.226594899999995,-93.21737579999999
Richland,Washington,WA,52413,46.2856907,-119.2844621
Hickory,North Carolina,NC,40361,35.7344538,-81.3444573
South San Francisco,California,CA,66174,37.654656,-122.40774979999999
Plymouth,Minnesota,MN,73987,45.01051939999999,-93.4555093
South Bend,Indiana,IN,100886,41.676354499999995,-86.25198979999999
Edmond,Oklahoma,OK,87004,35.6528323,-97.4780954
Des Moines,Iowa,IA,207510,41.600544799999994,-93.6091064
Bonita Springs,Florida,FL,47547,26.339806,-81.77869720000001
Draper,Utah,UT,45285,40.5246711,-111.8638226
Whittier,California,CA,86635,33.97917929999999,-118.032844
Livonia,Michigan,MI,95208,42.36837,-83.3527097
Milwaukee,Wisconsin,WI,599164,43.0389025,-87.9064736
Auburn,Washington,WA,74860,47.307322799999994,-122.22845320000002
Sumter,South Carolina,SC,41190,33.9204354,-80.3414693
Beverly,Massachusetts,MA,40664,42.5584283,-70.880049
Renton,Washington,WA,97003,47.4828776,-122.21706609999998
Centennial,Colorado,CO,106114,39.5807452,-104.87717260000001
Richmond,Virginia,VA,214114,37.540724600000004,-77.4360481
Anderson,Indiana,IN,55670,40.1053196,-85.6802541
Beaumont,California,CA,40481,33.929460600000006,-116.977248
Pflugerville,Texas,TX,53752,30.4393696,-97.62000429999999
Hoboken,New Jersey,NJ,52575,40.7439905,-74.0323626
Lexington-Fayette,Kentucky,KY,308428,38.040583700000006,-84.50371640000002
Norwalk,California,CA,106589,33.9022367,-118.08173300000001
Yuma,Arizona,AZ,91923,32.6926512,-114.62769159999999
Highland,California,CA,54291,34.1283442,-117.2086513
Carol Stream,Illinois,IL,40379,41.9125286,-88.1347927
Joliet,Illinois,IL,147806,41.525031,-88.0817251
Rock Hill,South Carolina,SC,69103,34.9248667,-81.02507840000001
Rancho Cordova,California,CA,67911,38.5890723,-121.302728
Dearborn Heights,Michigan,MI,56620,42.3369816,-83.2732627
Honolulu,Hawaii,HI,347884,21.3069444,-157.8583333
Victoria,Texas,TX,65098,28.805267399999998,-97.00359820000001
Attleboro,Massachusetts,MA,43886,41.9445441,-71.2856082
Wylie,Texas,TX,44575,33.0151201,-96.53887890000001
Carrollton,Texas,TX,126700,32.975641499999995,-96.88996359999999
Plainfield,Illinois,IL,41734,41.632222999999996,-88.2120315
Hoffman Estates,Illinois,IL,52398,42.062991499999995,-88.1227199
Methuen,Massachusetts,MA,48514,42.7262016,-71.19089240000001
North Port,Florida,FL,59212,27.044224,-82.23592540000001
Rockville,Maryland,MD,64072,39.0839973,-77.1527578
Burbank,California,CA,104709,34.18083920000001,-118.30896609999998
Fullerton,California,CA,138981,33.8703596,-117.9242966
Oshkosh,Wisconsin,WI,66778,44.024706200000004,-88.5426136
Huntsville,Texas,TX,39795,30.723526300000003,-95.55077709999999
Farmington Hills,Michigan,MI,81295,42.4989936,-83.3677168
Pico Rivera,California,CA,63771,33.9830688,-118.09673500000001
Cerritos,California,CA,49707,33.858348299999996,-118.0647871
La Puente,California,CA,40435,34.0200114,-117.94950829999999
Grand Junction,Colorado,CO,59778,39.0638705,-108.5506486
Enid,Oklahoma,OK,50725,36.3955891,-97.8783911
San Jose,California,CA,998537,37.338208200000004,-121.88632859999998
Round Rock,Texas,TX,109821,30.508255100000003,-97.678896
Maple Grove,Minnesota,MN,65415,45.072464200000006,-93.4557877
Norman,Oklahoma,OK,118197,35.222566799999996,-97.4394777
Homestead,Florida,FL,64079,25.468722399999997,-80.4775569
Friendswood,Texas,TX,37587,29.529399800000004,-95.20104470000001
Irvine,California,CA,236716,33.6839473,-117.79469420000001
Pocatello,Idaho,ID,54350,42.8713032,-112.4455344
Pacifica,California,CA,38606,37.613825299999995,-122.48691940000002
Sheboygan,Wisconsin,WI,48725,43.750828399999996,-87.71453000000001
Bossier City,Louisiana,LA,66333,32.5159852,-93.7321228
Cedar Park,Texas,TX,61238,30.505197999999996,-97.82028879999999
Sandy Springs,Georgia,GA,99770,33.9304352,-84.3733147
Champaign,Illinois,IL,83424,40.116420399999996,-88.2433829
Clifton,New Jersey,NJ,85390,40.858432799999996,-74.16375529999999
Moore,Oklahoma,OK,58414,35.339507899999994,-97.48670279999999
Blue Springs,Missouri,MO,53294,39.0169509,-94.2816148
Lancaster,California,CA,159523,34.6867846,-118.1541632
Bryan,Texas,TX,78709,30.674364299999997,-96.3699632
Hurst,Texas,TX,38448,32.82346210000001,-97.1705678
Cape Coral,Florida,FL,165831,26.5628537,-81.94953309999998
Cupertino,California,CA,60189,37.322997799999996,-122.03218229999999
Pittsfield,Massachusetts,MA,44057,42.450084499999996,-73.2453824
Gilroy,California,CA,51701,37.0057816,-121.5682751
Manchester,New Hampshire,NH,110378,42.995639700000005,-71.4547891
Virginia Beach,Virginia,VA,448479,36.8529263,-75.977985
Salina,Kansas,KS,47846,38.8402805,-97.6114237
Somerville,Massachusetts,MA,78804,42.3875968,-71.0994968
Largo,Florida,FL,78409,27.909466499999997,-82.7873244
Fresno,California,CA,509924,36.7468422,-119.7725868
Phenix City,Alabama,AL,37498,32.4709761,-85.0007653
Berwyn,Illinois,IL,56758,41.8505874,-87.79366850000001
Palm Beach Gardens,Florida,FL,50699,26.8233946,-80.1386547
Pawtucket,Rhode Island,RI,71172,41.878710999999996,-71.38255579999999
San Gabriel,California,CA,40275,34.0961111,-118.10583329999999
Winston-Salem,North Carolina,NC,236441,36.0998596,-80.24421600000001
Alpharetta,Georgia,GA,62298,34.07537620000001,-84.2940899
O'Fallon,Missouri,MO,82809,38.8106075,-90.6998477
Redwood City,California,CA,80872,37.4852152,-122.2363548
Union City,California,CA,72528,37.59339179999999,-122.0438298
Hallandale Beach,Florida,FL,38632,25.981202399999997,-80.148379
Mankato,Minnesota,MN,40641,44.1635775,-93.99939959999999
Aliso Viejo,California,CA,50175,33.5676842,-117.72560829999999
Menifee,California,CA,83447,33.6971468,-117.185294
Loveland,Colorado,CO,71334,40.397761200000005,-105.0749801
Carpentersville,Illinois,IL,38241,42.1211364,-88.2578582
Providence,Rhode Island,RI,177994,41.8239891,-71.4128343
Hialeah,Florida,FL,233394,25.8575963,-80.2781057
San Ramon,California,CA,74513,37.7799273,-121.9780153
Ontario,California,CA,167500,34.0633443,-117.65088759999999
Kirkland,Washington,WA,84430,47.6814875,-122.20873529999999
St. George,Utah,UT,76817,37.0965278,-113.5684164
Hilton Head Island,South Carolina,SC,39412,32.216316,-80.752608
Glendale,California,CA,196021,34.1425078,-118.255075
Meriden,Connecticut,CT,60456,41.5381535,-72.8070435
Gardena,California,CA,59957,33.8883487,-118.30896240000001
Westfield,Massachusetts,MA,41301,42.1250929,-72.749538
Elgin,Illinois,IL,110145,42.035408399999994,-88.2825668
Plano,Texas,TX,274409,33.0198431,-96.6988856
Longmont,Colorado,CO,89919,40.167206799999995,-105.10192749999999
Coppell,Texas,TX,40342,32.954568699999996,-97.01500779999999
Lakewood,Ohio,OH,51143,41.481993200000005,-81.7981908
Jonesboro,Arkansas,AR,71551,35.8422967,-90.704279
College Station,Texas,TX,100050,30.627977,-96.3344068
Dearborn,Michigan,MI,95884,42.3222599,-83.1763145
Utica,New York,NY,61808,43.100903,-75.232664
Monroe,Louisiana,LA,49761,32.5093109,-92.1193012
Baltimore,Maryland,MD,622104,39.2903848,-76.6121893
Springfield,Missouri,MO,164122,37.20895720000001,-93.2922989
Pine Bluff,Arkansas,AR,46094,34.2284312,-92.00319549999999
Plainfield,New Jersey,NJ,50588,40.6337136,-74.40737359999999
Lynn,Massachusetts,MA,91589,42.466763,-70.9494938
Woodbury,Minnesota,MN,65656,44.923855200000006,-92.9593797
Gainesville,Florida,FL,127488,29.6516344,-82.3248262
West Sacramento,California,CA,49891,38.5804609,-121.53023400000001
Sammamish,Washington,WA,50169,47.616268299999994,-122.0355736
Aventura,Florida,FL,37199,25.9564812,-80.1392121
Fayetteville,Arkansas,AR,78960,36.0625795,-94.1574263
San Rafael,California,CA,58994,37.9735346,-122.5310874
Conway,Arkansas,AR,63816,35.0886963,-92.44210109999999
Tacoma,Washington,WA,203446,47.252876799999996,-122.4442906
Middletown,Connecticut,CT,47333,41.562320899999996,-72.6506488
Burlington,Vermont,VT,42284,44.475882500000004,-73.21207199999999
Twin Falls,Idaho,ID,45981,42.5629668,-114.46087109999999
Sherman,Texas,TX,39296,33.635661799999994,-96.60888050000001
New York,New York,NY,8405837,40.7127837,-74.00594129999999
Simi Valley,California,CA,126181,34.2694474,-118.78148200000001
West Covina,California,CA,107740,34.0686208,-117.93895259999998
Castle Rock,Colorado,CO,53063,39.372212100000006,-104.8560902
Valdosta,Georgia,GA,56481,30.8327022,-83.2784851
Fort Worth,Texas,TX,792727,32.7554883,-97.3307658
Carson,California,CA,92599,33.8316745,-118.28169299999999
Evansville,Indiana,IN,120310,37.9715592,-87.5710898
Santa Maria,California,CA,102216,34.953033700000006,-120.43571909999999
Brentwood,Tennessee,TN,40021,36.0331164,-86.7827772
La Mesa,California,CA,58642,32.7678287,-117.02308390000002
Westminster,Colorado,CO,110945,39.836652799999996,-105.03720459999998
Reading,Pennsylvania,PA,87893,40.335648299999995,-75.9268747
Turlock,California,CA,70365,37.494656799999994,-120.84659409999999
Greeley,Colorado,CO,96539,40.42331420000001,-104.7091322
Tyler,Texas,TX,100223,32.351260100000005,-95.3010624
Winter Garden,Florida,FL,37711,28.5652787,-81.5861847
Waco,Texas,TX,129030,31.549333,-97.1466695
Martinez,California,CA,37165,38.0193657,-122.1341321
Thousand Oaks,California,CA,128731,34.1705609,-118.83759369999999
Azusa,California,CA,47842,34.1336186,-117.90756270000001
Bridgeport,Connecticut,CT,147216,41.18654779999999,-73.1951767
St. Louis Park,Minnesota,MN,47411,44.9597376,-93.3702186
Chesterfield,Missouri,MO,47749,38.6631083,-90.5770675
Greenacres,Florida,FL,38696,26.6276276,-80.1353896
Pasco,Washington,WA,67599,46.239579299999995,-119.10056570000002
Torrance,California,CA,147478,33.835849200000006,-118.34062879999999
Madison,Wisconsin,WI,243344,43.07305170000001,-89.4012302
Janesville,Wisconsin,WI,63820,42.6827885,-89.01872220000001
Waukegan,Illinois,IL,88826,42.3636331,-87.84479379999999
Bowling Green,Kentucky,KY,61488,36.9685219,-86.48080429999999
Arlington,Texas,TX,379577,32.735687,-97.10806559999999
Lewisville,Texas,TX,101074,33.046233,-96.994174
Farmington,New Mexico,NM,45426,36.7280583,-108.21868559999999
Oakley,California,CA,38194,37.9974219,-121.71245359999999
Palo Alto,California,CA,66642,37.441883399999995,-122.14301950000001
Springfield,Oregon,OR,60177,44.0462362,-123.02202890000001
New Bedford,Massachusetts,MA,95078,41.6362152,-70.934205
Redmond,Washington,WA,57530,47.6739881,-122.12151200000001
Brentwood,California,CA,55000,37.931868,-121.6957863
Davis,California,CA,66205,38.5449065,-121.74051670000001
La Mirada,California,CA,49133,33.9172357,-118.01200859999999
Smyrna,Tennessee,TN,43060,35.9828412,-86.51860450000001
Altoona,Pennsylvania,PA,45796,40.5186809,-78.3947359
Dothan,Alabama,AL,68001,31.223231300000002,-85.39048879999999
East Orange,New Jersey,NJ,64544,40.767323,-74.20486770000001
Tinley Park,Illinois,IL,57282,41.5731442,-87.7932939
Biloxi,Mississippi,MS,44820,30.396031800000003,-88.88530779999999
Urbana,Illinois,IL,41752,40.1105875,-88.2072697
Garden Grove,California,CA,175140,33.773905299999996,-117.9414477
Lynwood,California,CA,71371,33.930293,-118.21146029999998
Northglenn,Colorado,CO,37499,39.8961821,-104.98114679999999
Canton,Ohio,OH,72535,40.7989473,-81.378447
Brookhaven,Georgia,GA,50603,33.8651033,-84.3365917
Baton Rouge,Louisiana,LA,229426,30.458282899999997,-91.1403196
Bristol,Connecticut,CT,60568,41.6717648,-72.9492703
Independence,Missouri,MO,117240,39.0911161,-94.4155068
Lansing,Michigan,MI,113972,42.732535,-84.55553470000001
Orland Park,Illinois,IL,58590,41.6303103,-87.8539425
Vineland,New Jersey,NJ,61050,39.4863773,-75.0259637
Green Bay,Wisconsin,WI,104779,44.519159,-88.019826
Evanston,Illinois,IL,75570,42.0450722,-87.6876969
Ocoee,Florida,FL,39172,28.569167699999998,-81.5439619
Los Angeles,California,CA,3884307,34.0522342,-118.24368490000002
Federal Way,Washington,WA,92734,47.3223221,-122.3126222
West Jordan,Utah,UT,110077,40.6096698,-111.9391031
Yucaipa,California,CA,52536,34.033625,-117.0430865
Pittsburgh,Pennsylvania,PA,305841,40.440624799999995,-79.9958864
Downey,California,CA,113242,33.9401088,-118.13315929999999
Cicero,Illinois,IL,84103,41.8455877,-87.7539448
South Gate,California,CA,95677,33.954737,-118.21201609999999
Panama City,Florida,FL,36877,30.158812899999997,-85.6602058
Joplin,Missouri,MO,50789,37.0842271,-94.513281
League City,Texas,TX,90983,29.5074538,-95.0949303
Salt Lake City,Utah,UT,191180,40.760779299999996,-111.89104740000002
Fort Pierce,Florida,FL,43074,27.446705600000005,-80.3256056
Phoenix,Arizona,AZ,1513367,33.4483771,-112.07403729999999
Corvallis,Oregon,OR,55298,44.5645659,-123.2620435
Cedar Hill,Texas,TX,46663,32.5884689,-96.9561152
Chicopee,Massachusetts,MA,55717,42.14870429999999,-72.6078672
Ocala,Florida,FL,57468,29.187198600000002,-82.14009229999999
Roswell,Georgia,GA,94034,34.0232431,-84.36155550000001
Park Ridge,Illinois,IL,37839,42.011141200000004,-87.8406192
Concord,New Hampshire,NH,42419,43.2081366,-71.5375718
Olympia,Washington,WA,48338,47.0378741,-122.9006951
Huntington Beach,California,CA,197575,33.660297,-117.99922649999999
Corpus Christi,Texas,TX,316381,27.800582799999997,-97.396381
Haverhill,Massachusetts,MA,62088,42.7762015,-71.0772796
Hanover Park,Illinois,IL,38510,41.9994722,-88.1450735
Cambridge,Massachusetts,MA,107289,42.373615799999996,-71.10973349999999
Glendale,Arizona,AZ,234632,33.538652299999995,-112.18598659999999
Stanton,California,CA,38623,33.802515500000005,-117.9931165
Summerville,South Carolina,SC,46074,33.0185039,-80.17564809999999
Davenport,Iowa,IA,102157,41.5236437,-90.57763670000001
Boca Raton,Florida,FL,89407,26.3683064,-80.1289321
New Britain,Connecticut,CT,72939,41.6612104,-72.77954190000001
Roseville,Michigan,MI,47555,42.4972583,-82.93714090000002
Cleveland Heights,Ohio,OH,45394,41.5200518,-81.556235
Gresham,Oregon,OR,109397,45.5001357,-122.43020130000001
Lauderhill,Florida,FL,69813,26.1403635,-80.2133808
Hendersonville,Tennessee,TN,54068,36.304773499999996,-86.6199957
Santa Clara,California,CA,120245,37.354107899999995,-121.9552356
Oceanside,California,CA,172794,33.1958696,-117.3794834
Lake Forest,California,CA,79312,33.6469661,-117.689218
Novi,Michigan,MI,57960,42.48059,-83.47549129999999
West New York,New Jersey,NJ,52122,40.787878799999994,-74.0143064
Everett,Massachusetts,MA,42935,42.408429999999996,-71.0536625
Linden,New Jersey,NJ,41301,40.6220478,-74.2445902
Asheville,North Carolina,NC,87236,35.5950581,-82.5514869
Compton,California,CA,97877,33.8958492,-118.2200712
